{
  "original": [
    3.1884108044181394,
    -0.5795558611974698,
    -0.1329712081505543,
    3.515505093367654
  ],
  "counterfactual": [
    3.1884108044181394,
    -0.5795558611974698,
    0.46785455846957036,
    3.515505093367654
  ],
  "original_class": 